id,first_name,last_name,gender,request_number,approve,approval_id
1,Ferrell,Etuck,Male,WA1LMBFE8DD959106,false,6835856688
2,Zack,Luten,Male,1GD22ZCG8CZ148747,false,6771529894
3,Gabie,Luckcock,Male,1C4NJPBA6DD815707,false,4408475971
4,Jakob,Paynton,Male,5N1AR2MM0EC876636,false,2004396849
5,Kit,Cossum,Female,1FMEU8DE7AU591493,true,1890799459
6,Ivonne,Pagen,Female,YV140MAB9F1881822,true,2568110678
7,Allan,Gellert,Male,2G61N5S37E9791296,false,7045491034
8,Cece,Posse,Male,WBAYE0C57ED186113,true,9060883748
9,Wash,Kayzer,Male,1GD020CG7CF158884,false,5640078359
10,Feodor,Longworthy,Male,1C3BCBGG9DN852522,false,0398403732
11,Rosalinde,Woodage,Female,JN8AZ1MUXAW947174,false,4945664781
12,Keven,Harbertson,Male,SAJWJ1CD4F8148384,false,2251825762
13,Clemence,Base,Female,1G6DK5ED1B0720868,true,5656148602
14,Yvette,Rowntree,Female,JA32X2HU5DU170469,true,4442321337
15,Pasquale,Catcherside,Male,WAUHF98P88A856110,false,4582238017
16,Micheline,Moline,Female,1G6DP8EV3A0538051,true,6830894816
17,Evangelin,Bondy,Female,1GYS3KEF2DR474147,false,4559127573
18,Tomkin,Stangroom,Male,1FTEX1CW1AK914672,true,9598201619
19,Mahmoud,Berringer,Male,5TDBY5G11BS715463,false,1613852843
20,Melitta,Iacobassi,Female,19UUA8F23BA096100,false,8434104970
21,Griffith,Treverton,Male,JH4KC1F99EC268738,false,7648590743
22,Albert,Rice,Male,2T1BPRHE9EC395088,true,7357648192
23,Floria,Mardle,Genderfluid,JN1CV6EL3FM463517,true,2028297948
24,Babara,Pogosian,Female,WAUVT58E35A270848,false,6616907791
25,Morissa,Maseyk,Female,JH4DC54803S061619,false,5496732026
26,Julianne,Branchet,Female,5TDBM5G11AS217791,false,4552755145
27,Aubrie,Hallowell,Female,WAUDF78E48A060164,false,1256770310
28,Eal,Doxey,Male,WBAPK5C56BF851617,false,7298990578
29,Aloin,Cordeau,Male,WBA3F9C59EF902137,false,5598142678
30,Lee,Gillings,Male,WBA3K5C5XEK267375,true,0654701741
31,Yetty,Corner,Polygender,KNAFU5A26D5897536,true,0315317264
32,Celestyn,Goldsack,Female,WAUJC68EX3A339777,false,4697460065
33,Evelin,Doring,Male,1GYUCGEF3AR588563,true,9900634241
34,Dacie,LAbbet,Female,WAURVAFAXAN745905,false,0365817937
35,Dniren,Borkett,Female,WBA3B9C54DJ393372,false,4217972105
36,Jory,Kedwell,Male,3C63D3NL5CG150571,false,5888473588
37,Cordey,Wipper,Female,1N6AA0CA4BN989445,true,8104543482
38,Rickie,Dyas,Male,WAUBFAFL1DA780120,false,0424208008
39,Rita,Smees,Polygender,2C3CCARG2DH690107,true,2439851442
40,Harlin,Lauritzen,Male,WAUFGAFB4BN223214,false,6188500397
41,Charley,Klauer,Male,2C4RDGBG8DR351183,false,8146347908
42,Otis,Huckett,Male,2D4RN3DG8BR046317,true,4502886858
43,Tyler,Donati,Male,WBAUC73568V597305,true,1491742275
44,Iorgos,Bourhill,Male,1N4AL3AP2DC506187,true,1442326875
45,Ann-marie,O'Bradain,Female,WAUBG78E46A379257,true,0892802820
46,Eberto,Tapenden,Male,1FTMF1C80AK469938,false,3960527837
47,Chickie,Brawson,Male,1N4AB7AP8EN191296,true,3797467958
48,Rae,Semrad,Female,WAUSG78EX6A050188,true,8776594882
49,Amerigo,Duckels,Male,5NPEB4ACXDH178524,true,4159094880
50,Faustine,Freegard,Female,JN1AZ4EH6FM274047,true,5725033406
51,Bernadene,Connah,Female,1D7RB1GT0BS931313,false,2805770560
52,Cathyleen,Lippiello,Female,19XFB2E57EE160413,true,6477466368
53,Nestor,Ivannikov,Male,SALGR2VF3FA446958,false,8872636817
54,Tresa,Risson,Female,3C4PDDDG8FT626750,true,5063834523
55,Karon,Jinks,Female,YV140MAK3F1669370,true,2717504575
56,Meg,Bernardinelli,Female,WBAYB6C58FD306112,false,5230105151
57,Jolee,Lovat,Agender,1FMJK1F50CE226109,true,7995706839
58,Keith,Elmes,Non-binary,5UXZV4C58BL052158,false,9535456628
59,Saundra,Welds,Male,WAUBH74F18N621204,false,8721810753
60,Cherlyn,Chadburn,Female,3C4PDCDG0CT427875,true,3849709183
61,Hugh,Hallwood,Male,1G6DV8EP2E0177554,false,4265278183
62,Roma,Roofe,Male,WBAVD53557A436892,true,3367428094
63,Forrester,Treleven,Male,3D4PH6FV8AT783122,false,0622807188
64,Laurel,Simonato,Female,1N4AL3AP1EC789053,true,2434086330
65,Zachary,Bossel,Genderqueer,SALVE2BG7FH769630,true,9255725688
66,Skylar,Seale,Male,1G6AW5SX9F0208612,true,5059018296
67,Mortimer,Arnatt,Male,WAU2GBFC4DN113909,false,0254167500
68,Rennie,Roullier,Female,WVWED7AJ9DW483596,true,1528686160
69,Kevina,Allbut,Female,JM1DE1KY8C0464587,false,4296608568
70,Pancho,Barribal,Male,WA1KK78R89A809195,false,1255565055
71,Pavlov,D'Alessandro,Male,JN8AZ1MUXDW947390,false,3583851846
72,Dalia,Glenn,Female,WAU3GAFR0DA409312,true,9849092564
73,Dew,Callister,Male,SALVP2BG8EH237814,false,4695993082
74,Riane,Batchley,Genderfluid,JN8AE2KP8F9209779,true,6241997327
75,Rosalind,Derill,Female,1GKS1AE04BR554102,false,4579244818
76,Nerita,Wiffler,Female,KMHHT6KD3BU915090,true,3744513084
77,Josi,Keitch,Female,1G4HF57929U503078,false,5937170806
78,Gerard,Spring,Male,1B3CB5HA5BD930622,true,7899285895
79,Joeann,Farguhar,Female,WBABS53441E969929,true,0007166575
80,Amy,Boath,Female,JN1AZ4EH2AM071925,true,0780721756
81,Hanna,Dutt,Non-binary,WVWGD7AJ8EW758840,false,0659875845
82,Alford,Pinwill,Male,1FAHP3CN9AW038645,true,2099521069
83,Krishnah,O'Connor,Bigender,1G6DL8E36C0335295,true,9425508038
84,Patrick,Goude,Polygender,1FTSX2B5XAE311672,true,8704634292
85,Valentine,Goskar,Male,1FADP5CU0EL344917,false,1656534967
86,Andros,Reckhouse,Male,YV1612FH8E1988818,true,2501363183
87,Fonzie,Hanson,Male,WVGAV7AX1CW521865,true,9275048932
88,Karalee,Szymonwicz,Female,5N1AZ2MG6FN284058,false,2323593005
89,Dinny,Townend,Non-binary,1GYS3AKJ9FR093014,false,2985768683
90,Hailee,Ribbon,Female,2B3CA5CT9AH669461,false,8645371510
91,Ramsay,Clarricoates,Male,KMHEC4A44DA564803,false,4258668826
92,Rosella,Durbin,Female,WBAKF9C51DE702448,false,6353555571
93,Lamont,Giggs,Bigender,WBAGN83484D023132,false,1589652223
94,Nola,Wagenen,Female,1C4NJPBA4CD348799,false,7832968982
95,Lemuel,Caswill,Male,3C6TD5LT5CG414001,true,1017897050
96,Linda,Addicote,Female,1G6KA5E67BU030000,false,9886765372
97,Olympie,Grob,Non-binary,WAURV78T19A696713,true,5115185229
98,Collen,Robbie,Female,3FA6P0LU2FR630489,false,1664634460
99,Steve,Tambling,Polygender,1GD11ZCGXCF363272,true,4208700262
100,Jermayne,Baitey,Male,1GYS4JEF8BR720087,false,8958990902
101,Daryle,Northrop,Male,WAUFEAFM8CA329522,false,1222408112
102,Heywood,Desson,Male,1FTEX1CM6BK474366,true,5641670138
103,Siobhan,MacGraith,Female,JN1BJ0HP0DM441149,false,4426392691
104,Clyde,Waller,Male,19UYA42793A339275,true,3408867518
105,Rora,Tondeur,Female,1G6AB5SXXE0412538,true,3997652775
106,Todd,Gebbe,Male,3VWKP7AJ6DM881856,true,2643306422
107,Gustavo,Braley,Male,WAU3GAFR5DA184515,false,9010672921
108,Carline,August,Polygender,2T3BF4DV1BW548530,true,9473275331
109,Siouxie,Sola,Female,JN1AV7APXFM952650,false,9961494849
110,Philipa,Edwicker,Female,1G4HD57247U306273,false,3578151580
111,Hastie,Tickle,Male,JN8AS5MT9AW319576,true,6512766385
112,Kacey,Boakes,Female,SAJWA4FB8CL209711,false,7743417042
113,Eartha,Breawood,Female,1VWAH7A32EC913456,true,9196621079
114,Glynn,Irce,Genderfluid,3D4PG6FV7AT984934,true,9557908149
115,Bucky,Samsonsen,Polygender,WBADT43403G539693,true,8144039467
116,Louise,Campey,Female,1G6YX36D075222192,true,6882191786
117,Candace,Ottee,Female,JTDKN3DP1C3115616,false,6266399997
118,Laure,Nowakowska,Female,1G6ET12902B837999,true,5567453124
119,Stanislaus,Hoult,Male,TRUTC28N521192177,false,4295031666
120,Madelle,Neward,Non-binary,5UXFB93562L904807,true,5579859317
121,Prentiss,Brookes,Male,5N1AT2MK8FC752843,true,0995411018
122,Konstantine,Elmar,Male,WDDHF0EBXEB375729,false,8604346899
123,Marcello,Izhakov,Male,KNADH5A34A6616408,false,6345310727
124,Jammal,Hedon,Male,1G6DW6ED2B0983591,true,2053775408
125,Catriona,Ferrarini,Female,2G4WY55J611467376,true,5778266936
126,Nata,Megarry,Female,WBAKG1C55DJ583826,true,7910337043
127,Ronni,Dionisetto,Female,JHMZE2H34BS764491,true,9705996733
128,Yevette,Thurlborn,Female,1G6DM5EV2A0220073,true,4117739131
129,Correna,Poff,Female,JTHBL5EF2F5036020,false,5619387720
130,Sigfrid,Lowen,Male,WA1C8AFP6DA808816,false,6822691332
131,Rob,Caunter,Male,5BZBF0AA8EN114062,true,5575217795
132,Vasili,Fortnam,Male,KM8JT3AC3AU914951,false,0325626014
133,Dani,Kearton,Female,1G6YX36D875093649,false,9411824226
134,Cori,Auld,Female,JH4DC530X3S822944,false,5607923150
135,Ally,Band,Female,WA1CV94L87D745809,true,1519427794
136,Romy,O' Brian,Female,3D7TP2CT8AG086039,true,9697698716
137,Brucie,Clail,Polygender,JN1AJ0HP3CM011318,true,0836877373
138,Elvera,Stode,Female,KNDMG4C73E6133594,true,0087121476
139,Walt,Walewicz,Male,3D73Y4CLXBG040061,false,2373806355
140,Fowler,Bonafant,Male,SCBBP93W99C697126,false,5748742691
141,Alix,Polin,Non-binary,5NPDH4AE9EH798200,true,7487729176
142,Aviva,Dosdale,Female,SCFAB01A68G421814,true,6431452798
143,Earl,Nozzolinii,Male,3D73Y4CL8BG909174,true,7284862785
144,Grazia,Fallon,Female,WVGFG9BPXBD520475,true,2516484771
145,Sophey,Bartosiak,Bigender,JH4CU2E80DC602329,true,0816404437
146,Fay,Molnar,Female,5LMJJ2H58DE331892,false,5045043307
147,Obidiah,Broughton,Male,WAUBH78EX7A977318,false,6287741511
148,Gayla,Mapston,Female,WBA3B5C54DF813899,false,8227297498
149,Kirsteni,Whybrow,Female,WP0CB2A85CS619239,true,1073576027
150,Damaris,Goreisr,Female,3TMJU4GN4BM875177,false,9743957154
151,Roderic,Baglin,Male,WAUUFAFH7AN081373,false,5743304521
152,Ryon,Bownes,Agender,WAUAH78E36A513040,false,1358726051
153,Bradan,FitzAlan,Male,1C3CDFBA5DD485779,false,6108005041
154,Shaw,Treppas,Male,WBAEW53453P876152,true,1325020117
155,Tandy,Radsdale,Female,1G6DN57U860934590,true,4144460436
156,Hi,Curtain,Male,4T1BF1FK6EU098971,false,1510901299
157,Scotti,Godwyn,Male,WBAFU9C54CC964949,false,9821459137
158,Dell,Sneesby,Female,3GYFNHE36DS663966,true,9504620574
159,Conway,Vaszoly,Male,WAUVT68E34A533909,true,9226914303
160,Belicia,McGrey,Female,JA32X2HU0DU928539,true,5957905801
161,Ashien,Fraczkiewicz,Non-binary,WBAYA6C51DC622845,false,1538759489
162,Antonin,Rubra,Male,WAUFFAFLXBN063254,true,4013609479
163,Justus,Morrel,Male,WP0AB2A92FS869624,false,4526091103
164,Jane,Byrnes,Female,WAULT68EX4A338252,false,8319447542
165,Amalle,Rayson,Female,WAUVT68E55A913092,false,5436582222
166,Alvan,Spofford,Male,KNADH5A32A6011223,true,6098070520
167,Puff,Hamer,Male,WBADT33451G150491,false,1789201187
168,Cristin,Kettlesting,Female,WBA3T3C51EP749379,true,4477168969
169,Zabrina,De Michetti,Female,WBA3A9C5XEF043302,true,0168169568
170,Devon,Larham,Female,1FMJK1F58BE484635,false,9814635235
171,Amby,Mayhou,Male,KMHCT4AE7FU177504,false,4034914327
172,Brander,Hardwell,Male,1FAHP2DW1AG623683,false,4615675984
173,Sheba,Collidge,Female,1D4RE5GG1BC939915,true,5210444694
174,Elton,Labin,Male,WAUWGAFC8DN694908,true,3396839013
175,Siegfried,Edwins,Bigender,1D7RB1CP2AS306550,true,1421392518
176,Anabel,Pilmer,Bigender,1G6AY5SX3F0889943,true,8032119035
177,Lorettalorna,Carress,Female,2T1KE4EE2CC932846,false,1150845716
178,Base,Folli,Polygender,1GD11ZCG6DF451205,false,8490095442
179,Deonne,Braganza,Female,1N6AF0LXXFN129075,true,0124881971
180,Jazmin,Ratcliffe,Non-binary,1GYUCJEF2AR588535,false,0291323804
181,Rodge,Billingsley,Male,5NPDH4AE9FH495791,false,8405767576
182,Vanda,Eakly,Female,2C3CCABG5FH981441,true,4906203140
183,Jo,Kelsall,Male,1G6AR5S34E0249846,false,6424636056
184,Giulia,Seeman,Female,WP0CA2A84FK755885,true,3452694275
185,Derril,Elvish,Male,WBA5B1C59FG413559,true,3761272189
186,Erik,Roycroft,Male,WDDPK4HA4EF304889,false,1170470203
187,Madel,Calken,Female,WAUKG74F96N061285,false,8822387651
188,Lorrie,Cassin,Female,WAUAFAFL2EA974605,false,0268819491
189,Diego,Cavee,Male,WAULD64B62N311385,true,5775418549
190,Jamie,Hughf,Female,W04G05GV0B1209727,false,7170851474
191,Shepherd,Turnell,Male,1N4AB7AP0EN220340,true,3414347849
192,Zorah,Marion,Female,1B3CC4FB4AN594943,false,0473632527
193,Kory,Vasyutichev,Male,WAUDK78T59A018226,true,0885383648
194,Ambrose,Mugglestone,Male,WAUEH54B01N553028,false,7207628080
195,Kandace,Trineman,Female,1D7RE3GK6BS282983,false,7974686596
196,Alvinia,Beswick,Female,WBAUL7C57AV494108,true,5673706405
197,Lefty,Dowbiggin,Male,2G4GT5GK3C9498906,true,9401404178
198,Timofei,Senecaut,Male,WAUVC58E13A365048,true,7352995773
199,Sharl,Wilsee,Female,KM8JT3AB5CU511757,false,2139216873
200,Samantha,Rust,Female,WA1LFAFP2BA461598,false,4223318160
201,Aundrea,Jerrim,Female,3D73Y3CL5BG597700,false,7816682883
202,Paolo,Bushnell,Male,3VW4A7AT7DM455394,false,4484368943
203,Rochelle,Saggers,Female,KNAGM4AD7C5353688,true,2236199910
204,Orrin,Filan,Male,WBAUN13558V122137,true,6157217936
205,Maure,Cicerone,Female,WAURVAFD7CN388308,false,3469087601
206,Malory,Mattinson,Female,WDBSK7BAXCF917397,true,3710026733
207,Nickie,McVee,Male,2C3CCABGXDH347734,true,2681698855
208,Dedie,Haresnape,Female,4T1BD1EB4DU028021,true,5357787085
209,Rudolfo,Seckom,Bigender,WAUUL78E96A082232,false,2833067593
210,Englebert,Pavolini,Male,4USBT535X5L264993,true,5437680988
211,Petronille,Landall,Female,WA1EY94L47D220522,false,7350803230
212,Jayme,Churchyard,Female,JTEBC3EH9B2428393,true,3229865138
213,Kingsly,Hearthfield,Male,WAULT58E14A423734,true,1231894075
214,Wilek,Garrison,Male,2FMPK4J97FB907714,false,3385765285
215,Noel,Korneluk,Male,WBA6A0C59DD596526,false,6354013721
216,Caro,Baggot,Female,JTHBB1BA5A2073108,true,8678746203
217,Igor,Portingale,Male,WVGAV3AX2DW085117,true,4664044011
218,Malina,Iacivelli,Female,JHMZE2H71ES593027,false,5962029577
219,Dom,O'Halleghane,Male,19UYA41773A751647,true,7372524326
220,Frederica,Elcock,Female,WBADX1C51DJ309290,true,5087043399
221,Cristin,Schonfeld,Genderfluid,1B3CB9HA8AD963491,false,1764003608
222,Sayre,Goodbairn,Male,1G6DJ8E32D0595216,true,9293527987
223,Cam,McIlory,Female,2HNYD18844H875407,false,7204046595
224,Larine,Maffei,Female,2HNYD18895H367676,false,3664058917
225,Beverie,Heinonen,Female,WBA3V7C53EP445018,false,6047494242
226,Karlotte,Wyper,Agender,WBA3X9C51FD018980,false,4493140720
227,Reinald,Pringuer,Male,WP0AA2A99DS850472,false,5857429110
228,Darill,Rayman,Male,WAUVVAFR0BA446095,true,5077108307
229,Durante,Tyzack,Genderfluid,JN1AZ4EH1AM873284,false,0653280823
230,Demetris,Haberjam,Male,WBAGJ03451D650282,false,5663413251
231,Benson,Ladd,Polygender,1FMJK1FT0FE734017,false,4084549495
232,Milty,Mackney,Male,1GYS3AKJ9FR701033,true,4783944784
233,Ivor,Ajam,Male,WBAGL83564D056435,false,7743090027
234,Rabbi,Castella,Male,WBXPA93486W136478,false,0987126806
235,Karly,Mountain,Agender,3C3CFFER5FT117269,true,4125721378
236,Almeria,Klaff,Non-binary,1GT022CG6EF094422,true,2836018208
237,Janek,Quinion,Male,WA1LKBFP9AA505547,false,0859637077
238,Shellie,Goford,Female,WBALX3C57CD001559,true,4960079142
239,Briant,Corr,Male,WAUBNAFB3BN928896,true,6845481199
240,Andrey,Cescoti,Male,1GYFK26219R277364,true,3366270845
241,Debor,McCrae,Female,WAUSFAFL4BA671308,true,6831047416
242,Worthy,Chipchase,Male,3D73M3HL5AG072820,true,9198598228
243,Irwin,Ney,Male,SCBFT7ZAXFC731650,true,0372093639
244,Heindrick,Moniker,Male,SCFBB03C69G630703,false,6631196426
245,Hyacinthia,Britzius,Female,3GYEK62N44G193261,false,0123584906
246,Pete,Epinay,Male,WBAEB53528C330184,true,9514388860
247,Robbie,O'Hone,Male,WBADT63451C269344,true,7427161092
248,Filberto,Scholfield,Male,JTDKDTB33E1363805,false,6857050953
249,Yalonda,Tumilty,Female,3C3CFFAR6DT279723,false,8803438203
250,Herb,Elmes,Male,1G4HP57258U835935,true,7277286944
251,Johnathan,Feldheim,Male,WBAFZ9C52DC708800,true,3345418762
252,Salvatore,Alsford,Bigender,2HNYD18626H647357,true,0926062220
253,Jarib,Maddy,Male,1FTFW1E87AK411055,false,3719756467
254,Kerby,Harmon,Bigender,JH4CL95946C637270,true,9498733031
255,Ryan,Ferraraccio,Polygender,WBAGK93411D637756,true,4014041832
256,Rayshell,Surby,Female,JN1AZ4EHXCM047388,true,9292117750
257,Clevie,Armfield,Male,4USFE83547L767208,false,3901616535
258,Ferrel,Gercken,Male,5N1AT2MK9EC936574,false,9489186007
259,Onofredo,Frankes,Male,1FTEW1CM3EK611318,false,9709528386
260,Dorella,Staynes,Female,WAU4FBFL9AA878113,false,8979253613
261,Stanislas,Clem,Male,JHMFA3F2XBS740906,false,6780797812
262,Egan,Geaney,Male,WBSPM9C59BE860752,true,5558998326
263,Nelson,Burkinshaw,Male,JN1BV7AP8FM300761,true,6473655050
264,Nicolette,Palfreyman,Female,WDDGF4HB3DG662085,true,3026324094
265,Heindrick,Kinglake,Male,YV4952CT7E1265832,false,6317910030
266,Adlai,Cordeau,Male,SALCR2BGXFH267478,true,7356017792
267,Melanie,Hambribe,Female,1D4RE4GG2BC448425,true,5729497954
268,Sargent,Jindrich,Male,5FRYD3H6XGB975035,false,0882829408
269,Clementina,Gillogley,Agender,JM3TB2BA6D0611429,true,7016332918
270,Berget,Ramet,Female,1GTN1TEX7DZ277112,true,6661257164
271,Tyson,Lyddy,Male,SCFFDABE8CG274590,true,6984122287
272,Valentin,Gaitone,Male,WBAEK13597C845271,true,4948713279
273,Kinna,Frugier,Non-binary,1C4RDHDG4DC845696,false,5895582338
274,Rudolph,Cowsby,Male,KMHFG4JG5CA499056,false,8035494031
275,Clywd,McBryde,Agender,2HNYD2H39DH771943,false,4335747233
276,Any,Bratch,Agender,4USBT33544L793651,true,3179843675
277,Thorny,Such,Male,JN1AZ4EH7EM942694,true,8020348042
278,Randie,Pisculli,Female,WVWBB7AJ7DW055986,false,8815184074
279,Clemente,Boone,Male,JM1DE1KY3E0508725,true,9730111332
280,Lovell,Scougal,Male,1FTEW1CM4DF823782,true,7760353375
281,Donelle,Meffen,Female,WAUMFAFL8AA910138,false,1930854587
282,Way,Burhill,Male,3FAHP0CG4BR204817,false,5115988666
283,Gabriello,Bricknall,Male,3FA6P0LU1DR828932,true,1765805848
284,Teri,Linton,Genderqueer,1FTWF3A55AE254289,false,0620218290
285,Gerty,Fawcett,Female,JM1NC2EF2A0648690,false,1118425405
286,Jody,Ingraham,Male,1FTEW1CW3AF270877,false,3288773635
287,Dayle,Broadnicke,Female,1N6AD0CW1EN925323,true,8938742237
288,Patten,Tranter,Male,2C3CK6CT9BH486763,false,6494313035
289,Micky,Paramor,Male,KMHFG4JG2CA048103,false,5253880550
290,Frederic,Chesterfield,Male,WBAYE4C59FD840618,true,0896681114
291,Barry,Linster,Male,1G6AB5S36E0348821,false,5318003109
292,Martie,McGrath,Male,1G6DF5EY2B0883813,false,3491099714
293,Prudy,Blaschek,Agender,1G4HE57Y07U872920,true,5778205465
294,Merrily,Poley,Female,WAUVT68E15A873819,false,4888535221
295,Archy,Mabbs,Male,JHMZF1C66DS803660,false,6703100306
296,Melinde,Greenhaugh,Female,WAUGGBFCXDN892013,false,4566679144
297,Kienan,Meugens,Polygender,JH4DC53813C518031,true,4992018297
298,Udall,Iskowicz,Male,WAUXL58E94A827916,false,8297999785
299,Lilian,Smedley,Female,1FTEX1E8XAK582536,false,0649470656
300,Quentin,Shimmings,Genderqueer,3C63D2CL9CG672116,true,7481005885
301,Reinaldo,Carl,Male,1N6AA0CC3AN256884,false,7220614322
302,Jillane,Joseff,Female,WBALW7C53DD697154,true,1117237931
303,Maddi,Theis,Bigender,3C3CFFER1DT163971,false,7123301498
304,Moore,Skerm,Male,WAUSH98EX6A043833,true,2548310167
305,Daryle,Orht,Male,JTHBF1D2XF5983367,false,3646941588
306,Emmey,Derby,Female,WP0AA2A97FS841448,true,4040244508
307,Farleigh,Downer,Male,WBAYP1C59FD785712,false,7658356190
308,Skelly,Stanton,Male,SALVP2BG2FH048416,false,1238087140
309,Melisande,Nichols,Female,3C4PDCBB7DT591505,false,1522285407
310,Jorie,Duguid,Female,WUARL48H14K293713,true,6382018015
311,Kyle,Wigzell,Female,3D73Y4CL1AG358536,true,0209857897
312,Vasilis,Danilov,Agender,JTDBT4K35B1325075,true,8923412724
313,Homer,Lannin,Male,5LMJJ2H5XBE360050,false,0408368071
314,Danyelle,Melan,Female,3LN6L2LU7ER039201,false,0396750273
315,Reid,Ruane,Male,1G4PP5SK2D4152961,true,3850587703
316,Gawain,Earie,Male,WAUML44D03N739757,true,1185806725
317,Ebonee,Stringfellow,Female,4T1BK3DB6BU954050,false,0301162360
318,Jacklyn,Breitling,Female,WAUEF78E26A420288,false,2052408614
319,Englebert,Pancost,Male,WDDGF4HB2CR972263,false,5400261647
320,Alleen,Iacovo,Female,3VW4A7AT5DM733239,false,2477376381
321,Lissa,Romanelli,Female,WAU2GAFC4CN916986,false,8535708448
322,Adiana,Kenrat,Female,WAUFFBFL6BA459467,false,6465756455
323,Joeann,Farraway,Female,KNADH5A37A6117036,true,0017222923
324,Ab,Huyhton,Male,3GYFNBE36CS927828,false,7737678611
325,Cris,Portlock,Female,WVGFF9BP5BD925808,false,8522807108
326,Shaine,Giorgeschi,Male,1FTWX3A54AE660562,true,1999720172
327,Hercule,Halkyard,Male,1N6AA0CA0BN308794,false,3393952285
328,Marcus,Landell,Male,3C3CFFJH5FT213917,true,8552660687
329,Gabbie,Clover,Male,19XFB2F20CE397245,true,8354068897
330,Dagny,Bourdon,Male,WBAUP9C56BV741703,false,2310728861
331,Sammie,Beautyman,Male,JN1CV6EK9BM826601,false,8123072384
332,Lief,Noell,Male,5N1AR1NB5CC139176,false,1895283213
333,Luigi,Kettlesing,Male,WBAVB33576P049749,false,8988155696
334,Steffen,Gulleford,Male,WAUSF98K39N645921,true,3811929682
335,Bartram,Duley,Male,1FAHP3HN5AW298727,false,0598891005
336,Nelson,Gramer,Male,1GYFK63898R936063,true,3250181684
337,Reynolds,Hobell,Male,WBAUL7C51AV859169,true,2694454461
338,Bevon,Abbotson,Male,JA32X8HW8AU595992,false,7878835217
339,Liliane,Sancroft,Female,ZHWGU5BZ1AL532604,false,1826887156
340,Violet,Smallcombe,Female,4T1BD1EB5FU678348,false,7429473237
341,Sadie,Moan,Female,1FTWX3D54AE262716,false,3481345402
342,Floyd,Ribou,Male,3C63D2GL3CG189991,false,5115464977
343,Arden,Pennigar,Agender,WBA6A0C55FD806879,true,2972783735
344,Wolf,Poolton,Male,3N1AB7AP8FY548316,false,3385486092
345,Sly,Tattershaw,Male,JH4DC231X1S395169,true,6361642755
346,Erek,Toplin,Male,WAUFFAFL7EA921310,false,5610226260
347,Betsy,Jefferies,Female,4T1BF1FK1EU745499,false,7281757832
348,Frank,Darley,Female,WAUHFBFL6AN248706,true,9521269766
349,Kiri,Benham,Polygender,5GAKVBKD8DJ215004,true,7829496242
350,Stepha,Leachman,Female,JM1NC2EF5A0739050,true,4161517025
351,Henry,Pena,Male,4USDU53587L531427,false,9344868670
352,Thornton,Shelbourne,Male,YV4940BZXD1912753,true,3748524196
353,Harmonia,Eggers,Female,WUADUAFG1F7307308,true,9621483581
354,Ethelred,Malarkey,Male,1G6DS5ED0B0387868,true,2956511017
355,Sanderson,Dignan,Male,WAUHF98P06A770822,true,6378793344
356,Miner,Fossey,Male,5GADS13S472087335,true,8293551453
357,Aeriel,Eliet,Female,WAUBF48HX7K612856,true,7676735238
358,Erminia,Zuanazzi,Female,4A4AP3AU4EE079761,true,3015394819
359,Vanya,Feighry,Male,WVGEG9BP9DD556494,false,3920644905
360,Luca,Espinas,Male,5UXXW3C54F0776189,false,9083640310
361,Marjory,Jagels,Female,WAUDGAFL7AA158963,false,8442968350
362,Myron,MacFadin,Male,JTHKD5BH0B2043255,false,1406637548
363,Clay,Pavlov,Genderfluid,WA1CFAFP4FA696154,true,6025975418
364,Vernon,Marchment,Male,WAUVC68E84A427228,true,5804563858
365,Alanson,Cheyenne,Male,WAUFFAFC4EN794542,false,0840928130
366,Nessa,Texton,Female,JM1CR2W36A0957475,true,1891611593
367,Jerry,Grollmann,Female,WAULD64B84N519674,false,0451141350
368,Ellary,Peddel,Male,WAULT68E25A992213,true,7366504777
369,Barnebas,Wassell,Male,JH4KB16697C350660,false,5700510596
370,Maurie,Gobourn,Male,1GTC5MF94B8528012,true,2726147712
371,Madelene,Krabbe,Female,1FTFW1E80AF714591,true,7554060368
372,Gabie,Gavrielly,Genderfluid,1G6DV8EPXB0166488,true,9429890751
373,Rona,Turl,Female,WA1CGAFE4ED221838,false,8550086851
374,Nonah,Duke,Female,1G6DP577850044769,false,4922149716
375,Chan,Fouracres,Male,SCFEBBBC7AG351095,true,5129439945
376,Ree,Bauduccio,Female,WAUKH98E68A098573,true,4707855946
377,Ferrell,Honisch,Male,JM3TB2BA4C0946011,true,7949914599
378,Diego,Enston,Male,WBA3K5C55FK895538,false,9816908646
379,Felice,Crick,Male,1G6DP8ED4B0905449,false,0533210038
380,Hugh,Tuson,Male,1GYEC63897R673368,true,1881107000
381,Ricard,Harriott,Male,1D7RB1GT6AS124695,false,5321613095
382,Tommy,Ladon,Male,WAUPEAFM2DA902355,false,2762932106
383,Tomi,Parsons,Female,19UUA9F70CA237403,true,7717505975
384,Boothe,Dorking,Male,1G6AD5S35E0674121,false,3140764898
385,Adella,Wreakes,Female,WBAYE8C50ED531772,true,4534950306
386,Decca,Wones,Male,5YMKW8C57F0689676,false,3676491866
387,Culley,Bette,Polygender,3GYFNJE36DS043206,true,7078255054
388,Carolyn,Jolin,Female,1G6KD57YX9U591016,true,4717395824
389,Sashenka,Bellino,Female,19XFA1E35AE228830,false,5222921336
390,Lyda,Mayze,Female,3FAHP0CGXBR271549,true,9179323006
391,Carine,Poll,Female,JH4KC1F37EC654781,true,9280840657
392,Esteban,Geal,Male,WBA3A9C51EF760980,true,2690900599
393,Antonino,Bowland,Agender,JH4NA126X1T328938,false,7507847799
394,Preston,Rens,Male,3D7JV1EP0AG966269,false,9685554935
395,Sherlock,Gilliland,Male,WBABD33426P741776,true,1587596164
396,Kristofer,Andrews,Male,SCFAD02A86G264647,false,0357939808
397,Cristie,Tainton,Female,1FTSW3A50AE255705,true,3806793808
398,Diana,Rayburn,Female,3D73M3CL6AG161769,false,2698361328
399,Gretta,Jeffes,Polygender,1G6KD54Y35U459424,true,8407712531
400,Rosette,Paddingdon,Female,1FTEX1CM1BK357987,true,4695004097
401,Rawley,Argent,Male,4JGDA2EB6DA061465,false,7623983970
402,Mersey,Twiname,Non-binary,1G4PP5SK3C4282570,true,7154142782
403,Georgeanne,McCaughey,Female,1GYS3AEF2DR700908,true,0059198400
404,Carny,Vance,Male,1G4HD57246U539245,false,2198400219
405,Mano,Budnik,Male,3D7TT2HT6AG211656,false,4227053390
406,Farrel,Dart,Genderfluid,1GYEK63N33R116622,true,4018787197
407,Clayborn,Lambart,Male,1GYFK46818R730624,false,2058527666
408,Ranice,Durtnall,Female,WAULT68E02A844962,false,4878120797
409,Tucky,Courtliff,Male,JHMZF1C69DS855140,false,9724980480
410,Harp,Luxon,Male,JM1NC2JF7D0554492,true,1797119656
411,Reinaldos,De Ruggiero,Male,JN8AF5MR0CT090623,true,5266655240
412,Brook,Titherington,Male,WA1YD54B64N901103,true,1571759670
413,Maurise,Benian,Female,1D7RW7GP4AS501468,false,9376865839
414,Raimundo,Lidden,Male,WBAHN03587D907946,false,6254827662
415,Verene,Babcock,Polygender,WBA3X9C57ED015774,true,0034717315
416,Clementine,Smedmoor,Bigender,ZHWGU5BZ1DL482467,false,7481781990
417,Dominick,Largent,Male,WBADN63433G869320,false,7120218379
418,Sena,Hagart,Female,JN1CV6FE1AM308649,true,4382118255
419,Kenna,Bilovus,Female,3VWC17AU0FM739702,true,0806932007
420,Elenore,Bromwich,Female,WVGAV7AX3FW479073,true,9999630839
421,Myrta,Severn,Female,JM3ER2W35A0798237,false,6461981861
422,Maxi,Wescott,Female,5FRYD4H64EB398392,false,3052999745
423,Hymie,O'Halleghane,Male,JM1BL1K59B1786585,false,5684254977
424,Delmore,Clowser,Male,4JGCB2FE7AA030853,true,9464536209
425,Betteann,Heinke,Female,WAUDG74F29N673759,false,3536698476
426,Alvin,Balfre,Male,1G6AK5SX6D0176226,true,0072805013
427,Caron,Dailey,Female,4A4JM2AS5BE414667,true,2837533491
428,Viva,Edmonson,Female,SALAB2V69FA274722,false,1773897845
429,Courtnay,Joselin,Male,5GADT13S162463095,true,9465511919
430,Pearl,Powter,Female,5UXWX7C51F0241918,false,9755901078
431,Tadd,Huskinson,Male,WP0CA2A89CS463886,false,8566389271
432,Othelia,Jeanesson,Bigender,3FADP4AJ3CM933491,true,3184168778
433,Ashlin,Checklin,Male,WBAXG5C51CD616167,false,3876381142
434,Granger,Morgan,Non-binary,4T1BD1EB8EU237473,false,2372779761
435,Melania,Melson,Genderqueer,SCFBF04B98G009481,false,0277416728
436,Luciano,Ellins,Male,5GADV231X7D743224,true,8958062304
437,Teresa,Benitti,Female,WAUWFAFR3EA202902,true,6387979765
438,Tanner,Maylour,Male,WDDHF2EB4BA861563,true,3007340977
439,Tabbatha,Apfelmann,Female,4T3BA3BB2AU738708,false,9780085998
440,Chiarra,Summerfield,Female,VNKKTUD36FA810819,false,9177508181
441,Linea,Sandifer,Female,WAUEH78E78A160791,true,3719085805
442,Kit,Northill,Male,WBA3B5C57FP972140,true,5249836658
443,Adair,Footer,Male,19UYA42741A995929,true,0418780064
444,Pepillo,Pargeter,Male,1G4PS5SK0F4233474,true,9204030658
445,Lorita,Burbidge,Female,2FMDK3GC3BB910085,true,4675034454
446,Rica,Pringuer,Female,1C3BC4FB0BN009730,true,6397490904
447,Lenora,Roelofs,Female,SCFFDABM5EG371272,true,2563870968
448,Elvin,Nanni,Male,JN8AE2KP6E9070363,false,1605566152
449,Aaren,Rhodef,Female,KL4CJGSB6DB698474,false,0051354802
450,Maxine,Bache,Female,2C3CCAFJ6DH423147,false,5060895947
451,Barthel,Ferenc,Male,1G4GD5GD0BF165003,false,0454382111
452,Athena,Tomaini,Female,3MZBM1K7XEM197449,true,6745005247
453,Leicester,Wipper,Male,2B3CJ5DT2BH349009,false,4158467543
454,Faulkner,Harcus,Male,JN1BY1AP0DM108204,false,8284476460
455,Bonny,Staner,Female,3C63D3KL0CG639142,true,8433141481
456,Bethanne,Saull,Female,WAUSF78K19N136804,false,9673528101
457,Tyson,Winham,Male,1G4HR57YX8U912930,false,0738031860
458,Gare,Peschka,Male,1D4PU5GK4AW103320,false,1214412149
459,Whitman,Dillimore,Male,WP1AB2A28FL485193,false,5776067715
460,Annalise,Vaz,Female,1GYEC63898R844329,false,1166967956
461,Ingram,Dorro,Male,SAJWA1C76D8976475,true,6047819036
462,Iosep,Chapelhow,Male,1GYFK43539R000130,true,1997906384
463,Wake,Blevin,Male,WA1CFAFP9CA221093,false,6831667031
464,Alvie,Cornner,Male,1G6DC8E51C0262631,true,0002078643
465,Ole,Barbrick,Male,SCBGU3ZA6DC054507,true,1110532784
466,Brendon,Novello,Male,2T1KU4EE5CC081290,true,8860167280
467,Merwin,Millichap,Male,1FBNE3BL6ED190419,true,9426233555
468,Eddy,Sherlaw,Male,WA1CFAFP4CA188844,true,0338117555
469,Blondell,Swatridge,Female,1G6DJ577990585871,true,2779739282
470,Barney,Rubury,Male,SAJWA4GC2EM653008,true,4110449324
471,Sterling,Moncreif,Male,3GYFNDE35CS351788,false,8598093718
472,Alic,Hallifax,Polygender,JN1BJ0HP3EM560704,false,9800528393
473,Antin,Warsap,Male,JN1BJ0HP0DM858402,true,3327760454
474,Cesaro,Starmont,Male,SAJWA0FS4FP728728,false,6697429402
475,Ludovika,Shovel,Female,1C3CDFDH0ED609775,true,7823901471
476,Holly-anne,Bambury,Female,1G6DA67V590510136,true,9449121613
477,Sandy,Brede,Male,5N1AA0NE1EN473191,false,0862462460
478,Granville,Iorizzo,Male,JA4AP3AU3CZ555165,false,4525576707
479,Izzy,Bocke,Male,3N6CM0KN4DK574638,false,7606270910
480,Davis,Blas,Male,JTJBC1BA5E2882240,true,8273884163
481,Janina,Listone,Female,5J8TB3H33GL232643,false,5237860990
482,Tate,Pomroy,Female,JN8AS5MT0BW874577,true,4197084595
483,Stoddard,Arthur,Female,WAUAH94F88N960520,false,9633129850
484,Brendan,Loveday,Male,JN1BY1AR0FM202331,true,6268999819
485,Garry,Antoniat,Male,JN1CV6EK7DM633947,true,9666216876
486,Albert,Totman,Male,WBAAW33451E953324,true,7873716694
487,Christye,Ingilson,Polygender,WAURD68D62A985906,false,9294518868
488,Barny,Dahle,Male,SCFFDABE3CG254490,false,9311964131
489,Billie,Braunfeld,Female,2G61L5S35F9499931,true,9649455043
490,Bronnie,MacDonnell,Genderqueer,JM1NC2MF9D0443924,true,4043200188
491,Tallulah,Bricksey,Female,3N6CM0KN5DK082183,true,4743343496
492,Waylin,Eveque,Bigender,WBSDE93422B953850,true,1858881986
493,Nerte,Wenderoth,Female,WUARL48H78K990325,false,9176317250
494,Edin,Skillington,Female,WBA1F9C58FV778456,false,2124114352
495,Sella,Feitosa,Female,1C4SDHCT0DC535559,false,9431838389
496,Boote,Hofner,Male,WAUR2AFD2EN889795,false,6487251348
497,Inger,Hamer,Female,JM1NC2SF1F0783977,false,9771587382
498,Cliff,Roobottom,Male,1G6DL5ED8B0137842,false,7327296670
499,Erena,Keeping,Agender,3CZRE3H58BG899189,true,2716428298
500,Hale,Blurton,Male,WAUHFBFL1CN876384,false,2254951602
501,Madonna,Dagnan,Female,WBAAV33451F233468,true,0433607513
502,Marline,D'Elias,Female,1C4RDJEG3CC736098,true,2558218433
503,Venita,Wildblood,Female,JTHBE1BL9FA935168,false,4558165064
504,Antony,Maris,Male,WAUAH74F97N072751,true,1869693779
505,Roselia,Qualtro,Female,1FTWW3DY1AE699649,false,5256980807
506,Elke,Bezant,Female,WBAVM1C55EV399471,false,6706068721
507,Marna,Abramof,Female,3C63D3EL3CG957185,false,4471399292
508,Guss,Mingey,Polygender,JH4CL96898C436960,false,7315024131
509,Thorin,Wandrach,Male,1C4RDHAG9DC873644,true,7721986877
510,Edik,Adlam,Male,1FMCU9D73AK984241,false,1443555606
511,Winthrop,Antonomolii,Male,2G4WS52JX51348564,false,9404215546
512,Thatch,Sextie,Male,1N6AA0ED2FN995676,true,3848043955
513,Clerc,Gibbett,Male,5NPEB4AC1EH289531,false,0561353360
514,Engracia,Shaefer,Female,3VW1K7AJ3EM399647,false,5330105706
515,Damara,Halfpenny,Female,5N1AR2MMXFC954101,false,8128003313
516,Geoffrey,Maiden,Male,YV1612FH4D2736430,false,2509536168
517,Morty,Gornar,Male,1VWAH7A3XEC871814,true,0296563056
518,Yoshiko,Duffet,Female,JH4CU2F46CC437588,false,2459200803
519,Mirelle,Hansell,Female,SAJWA0FS6FP651442,false,3007747937
520,Albertine,Ghio,Female,WAURV78T68A057323,false,3864546206
521,Helyn,Bains,Female,1GYS3EEJ4BR060502,false,9316602114
522,Wolfy,Moncaster,Male,3VW507AT3FM211199,false,0105103241
523,Karoly,Lofthouse,Male,WBA1F5C51FV320377,true,5410326660
524,Lowrance,Airlie,Male,WAUGF98K39A841564,true,2748386604
525,Jud,Whittlesey,Agender,5UXKS4C50F0136749,false,1890367311
526,Maxwell,Heardman,Male,WBA3C1G51EN543473,true,1567480373
527,Wendie,Pedel,Female,JN1CV6FE3FM808528,false,2050235925
528,Ned,Dilliston,Male,KNAFU5A24B5965281,true,5246619664
529,Jania,Warrilow,Female,SALFP2BNXAH658236,true,3347057589
530,Haily,Verson,Female,2GKALMEK6D6604649,false,1285334906
531,Elle,Plevey,Female,1B3CB8HB7AD863353,true,5027065787
532,Reube,Stockoe,Male,WAUFFAFL6FA130249,false,6745288788
533,Arabela,Bottoner,Female,WAUGFAFR0EA338425,true,3574084331
534,Kathe,Espinoy,Female,WUARL48H67K297017,true,6736285127
535,Morgen,Hartles,Female,JN1CV6FE9FM072551,true,7397437869
536,Roxine,Ciciotti,Female,WAU4GBFB9BN208138,false,4889306218
537,Alexis,Brashaw,Male,WUADUAFGXAN365471,false,6367145354
538,Mil,Shotbolt,Female,1G6AS5S35E0747056,false,1385734779
539,Adriano,Tolcharde,Male,WAUBF78E08A670277,true,6925055064
540,Jeane,Ledrane,Female,JTMHY7AJ8F4539236,false,1290522022
541,Coretta,Mills,Female,1VWAH7A34CC952644,false,8153967177
542,Shep,Munning,Male,WAUMF98P26A978862,false,3827149061
543,Robyn,Skinn,Female,1GYUKFEJXAR705332,false,1368031757
544,Karyn,Christoffersen,Female,WBANA73585B616332,false,1666519693
545,Rodger,Godmar,Male,4JGBB9FB0BA357915,true,5086202035
546,Dedie,MacLeese,Female,2LMHJ5AR9BB943340,true,2251639497
547,Erica,Dufour,Female,1GYFK63857R923101,false,2828469174
548,Margo,Stacy,Female,WAURFAFR1CA601429,false,8366223140
549,Sergent,McCanny,Male,19VDE3F37EE260411,false,3028157098
550,Olivie,Milkins,Female,2T1BU4EE5CC133405,false,6344361263
551,Collin,Evert,Male,WP0CA2A8XFS817418,true,6443315960
552,Mord,Gledstane,Male,WBAFV3C51FD135877,false,1594547564
553,Liam,Victor,Male,3VWJP7AT7CM792308,true,0194426602
554,Binny,Ducker,Female,4T1BF1FK0EU292721,false,6606577616
555,Aurthur,Epinay,Male,TRURD38J381603367,false,8903317831
556,Nealy,Rymour,Male,WBA3B5G58EN185055,false,7168078364
557,Montague,Whitelaw,Male,3FADP4AJ7BM007108,false,5273531470
558,Anna-maria,Rennocks,Female,WDDGF5EB7AR837805,true,3522461029
559,Francesco,Croxon,Male,2C3CA6CT2BH800823,false,6247416288
560,Karl,Barnardo,Male,JN8AZ1MU5EW050057,false,5180803896
561,Kirby,Plume,Male,1G4HR54K93U974070,true,7986775424
562,Greer,Vooght,Female,2G4WB55K711189078,true,0962691143
563,Alexandre,Coatham,Male,JM3TB2BV2E0998517,true,3217014820
564,Josselyn,Spinks,Female,JTDKDTB34C1655962,false,1864417420
565,Salvador,Climance,Male,WBAUN13589V043546,false,3114046428
566,Goldy,Wilkerson,Female,4T1BF1FK1EU430881,false,0482787465
567,Abbye,Neligan,Female,1G6AV5S87F0102056,false,9854708225
568,Oliviero,Gasken,Male,1N6AA0CH3DN236702,true,5619730468
569,Michel,Silveston,Male,WBAAW33481E494189,true,4335099592
570,Dwain,Brandino,Male,WAUSF78K09A022350,false,5231769010
571,Devlen,Richly,Male,TRUUT28N031089674,false,2882305206
572,Jennilee,Coulton,Female,1GYS4CEF0CR707170,true,8462854091
573,Lynette,Linsey,Female,1GD312CG6DF798257,true,2163155226
574,Wyn,Hearnshaw,Male,WA1CMAFE2ED419617,true,3321827271
575,Clareta,Guttridge,Female,1G6DV8EP3E0662480,false,1464449171
576,Coretta,Garrud,Female,WBABW53445P897273,true,1787622088
577,Guthrey,Alty,Male,4A31K5DFXCE076453,true,2844989799
578,Jaime,Abbado,Female,WAULC58E84A720838,false,5986005112
579,Janet,Snowdon,Female,1D7RV1CT8BS426651,false,5828653466
580,Jae,Threlkeld,Bigender,5N1AN0NU1CC416672,true,1872190766
581,Yale,Chatelet,Male,2T3BF4DV5AW528747,true,9752431216
582,Ax,Cicculini,Male,WDDPK4HA1DF457292,true,6771490874
583,Romain,Loeber,Male,WBA3D3C54FK464140,true,7744656431
584,Jessi,Steenson,Female,1ZVBP8AM9C5642869,false,5114388517
585,Harv,Gubbins,Male,JTDKDTB35E1449052,true,8773614726
586,Jojo,Domeney,Female,KMHGH4JH9DU322388,true,6808642877
587,Tarrance,Llewellen,Male,1FTEW1C83FF572386,false,4646450135
588,Christie,Boulde,Male,WP0AA2A97AS379160,false,1260253228
589,Leticia,Laurence,Female,JN8AZ1MU4DW947854,false,9001035353
590,Jedd,Jozef,Agender,5J8TB4H50FL843395,true,0399183124
591,Ingemar,Priestley,Male,2T1BU4EE9CC892123,true,7150069487
592,Neils,Asgodby,Male,5GAKVCKD7EJ829999,true,9666936569
593,Westley,Grise,Male,5TDBK3EH7BS771770,true,3062767243
594,Gian,Munby,Male,WAUXL68E54A129244,true,4519648912
595,Allayne,Grunder,Male,5N1AZ2MG5FN036030,true,1806786419
596,Skylar,Morewood,Bigender,WAULC58E15A601207,false,0354369342
597,Ky,Nockolds,Male,JN1AZ4EH0EM271451,false,9931206373
598,Mozes,Tettley,Male,1FTNX2A56AE533026,false,3216019365
599,Tory,Halstead,Female,1G6KD54YX3U593229,false,7298355724
600,Isahella,McCalister,Female,5N1BA0NC2FN464813,false,7382903168
601,Sawyere,Cawdery,Male,WBAEV53433K138303,false,5497346871
602,Rad,Wasmer,Male,WAUEH98E66A939706,true,7950791454
603,Pia,McClymont,Female,WDDEJ7EB5CA374260,false,4936275204
604,Derk,Fritter,Genderfluid,WDDEJ7EB4DA505776,true,2053220864
605,Lilias,Jowitt,Polygender,1N4AA5AP7CC753091,true,3963673982
606,Juan,Bonn,Male,3D73Y3CL1AG148075,false,2921989557
607,Ninetta,Pepperd,Female,1FTEW1C84AF595569,true,2092526146
608,Eadmund,Coronas,Male,WBAYE8C57ED736361,true,8624241014
609,Rhianna,Galtone,Female,WBAKX8C50CC947033,true,2474501436
610,Felike,Hadcroft,Male,2G4GT5GC1B9103709,false,1932235957
611,Elianora,Senescall,Genderfluid,1FTSW3B5XAE610877,false,7372569982
612,Rosene,Ditchett,Female,3C63D3KL0CG651758,false,2314462408
613,Melania,January,Female,WAUEFBFL2AN307558,false,5509635509
614,Gradeigh,Harvatt,Male,2HNYD18891H641064,true,7689723985
615,Leontyne,Pothergill,Female,1GYS3DEF9DR122436,false,7539746998
616,Tilly,Fincken,Female,WAUBF98E58A545822,true,0454014511
617,Hank,Sayes,Polygender,WUARL48H56K623243,true,4577611597
618,Tillie,Tegler,Female,WAUJFAFHXCN679804,true,7020514979
619,Zechariah,Bloom,Male,WAULT68E72A164654,true,8154413523
620,Caril,Morris,Bigender,WDDHF7GB0FB524673,false,5929134340
621,Matteo,Lomas,Male,WBABN33472P245959,false,9637825541
622,Roarke,Kinnaird,Male,WBAXA5C57ED578870,true,1370466498
623,Nefen,Gullivent,Male,3D7JV1EP5BG554530,false,1588243044
624,Emilio,Stollberger,Male,WDDGF5EB5BR746288,true,3790314412
625,Laurel,Deeble,Female,WBALM5C50AE329434,true,5852952265
626,Dudley,Bunyard,Male,WAUVC68E85A930193,true,3105848037
627,Lauraine,Kember,Female,WBA6A0C52FG306211,false,9379163894
628,Adolphus,Paszak,Male,WBAPH7G55AN001812,true,9333253718
629,Ermengarde,Colbridge,Female,2T1KE4EE7BC765429,true,1870449479
630,Ferrell,Keers,Bigender,1G6DE8E52D0824645,true,3548089925
631,Hyacinthe,Hebson,Female,1G4GA5GR9DF128703,true,5007858021
632,Donna,Blissett,Female,1GT3C0BG9AF098054,false,8642464747
633,Darcie,Grzelewski,Female,1GYS4CKJ9FR083642,true,3390625488
634,Danielle,Parell,Female,1GKS1EEF5CR889186,false,8270840238
635,Alwyn,Begin,Male,WBA3T3C55FP988063,false,4724443960
636,Gusella,Ashleigh,Female,WBAAV33431F750977,false,3786719853
637,Aguistin,Muslim,Genderqueer,TRUDD38J481523425,true,3202528750
638,Timotheus,McCurlye,Male,1GYS3HEFXBR067242,false,7851975735
639,Stearn,Crewe,Male,WDDJK7DA3EF227090,true,9267990977
640,Dominique,Doerling,Agender,WAUML44E86N968572,false,9532040455
641,Cecilius,Craigmile,Male,1FTEX1CM8BF078318,false,6719575430
642,Hebert,Emm,Male,WA1BY74LX7D762022,true,4764750864
643,Alyce,Whenman,Female,WAUBVBFB1BN919555,false,4601981077
644,Bevon,Shipway,Male,WA1WKBFP8CA721034,false,1526797216
645,Judas,Cleator,Male,1G6DF8E58E0578652,false,0225848333
646,Lothaire,Oolahan,Bigender,JH4KB26559C704500,true,0323928307
647,Abey,Shipton,Male,WBAPM73509E385771,true,7566904949
648,Merilee,Gorham,Genderfluid,WA1WMBFE1FD354800,false,1071124226
649,Karita,Stanyforth,Female,WAUAT48HX4K726291,true,1955116016
650,Brana,Andrzejowski,Female,KNADH5A31A6565224,true,8386168307
651,Camey,Lindwall,Male,SCFEBBBK9BG863966,false,5104997669
652,Reid,Brea,Male,KMHEC4A45EA516616,false,2732970085
653,Cobb,Dawtrey,Male,5N1AA0NC7CN695567,false,6614406884
654,Lorain,Deakes,Female,2C3CCAPT8CH008992,false,5421701190
655,Rutherford,Dugdale,Male,1FTEX1CM9CF783467,true,0423175564
656,Karrah,Kunes,Female,2C3CK3CV1AH382492,true,8660226364
657,Kristofor,Sandeford,Polygender,KMHDB8AE5BU191510,false,0415949289
658,Cicily,Fuente,Female,2G4GR5GX4E9625417,false,8410536773
659,Billi,Samper,Female,JM1CR2W32A0803491,true,8835886988
660,Dorice,Opdenorth,Female,5N1AA0NC5BN922429,false,6559243370
661,Sibylla,Mathou,Female,WAUUL78E88A721719,false,0661589374
662,Brion,Eiler,Agender,3GTU2YEJ0DG877567,true,1459652681
663,Stacy,Proven,Male,1FTNF1E86AK513765,true,2648768726
664,Petronilla,O'Kennedy,Female,WBA3B9G56EN340774,false,2933897946
665,Portia,Loram,Bigender,1D7CW7GP7AS537497,true,7937107782
666,Drucie,Cramer,Female,KNAFK4A66E5808603,false,2326138678
667,Anna-diana,Roles,Female,2HKRM3H50DH219403,false,8897651267
668,Noland,Calliss,Male,2G4GN5EX3E9804336,false,8205366101
669,Michaella,Treacher,Female,3D7TT2HT5BG441397,false,9485865384
670,Adelina,Blackburne,Female,JN1BJ0HR8EM404207,false,7936662200
671,Sosanna,Melmeth,Female,2LMDJ6JC0AB895757,true,3803553628
672,Idalina,Goodread,Female,2HNYD18786H630670,true,4856851667
673,Stanton,Dobeson,Male,1G4HP572X8U573152,false,5360739088
674,Blakeley,Scanterbury,Female,2G4WB52K531205642,true,4845723980
675,Janaya,Gredden,Female,1FBNE3BL5AD005304,true,0901279765
676,Geoffry,Stampfer,Male,2C4RDGEG9FR843123,true,7562924902
677,Shaw,Kneafsey,Genderfluid,KNAFX5A82E5367254,true,1772330965
678,Rodina,Lusted,Bigender,2T1BPRHE5EC085889,true,4825501567
679,Halli,MacIlhargy,Female,5UXFA13515L531152,false,0890860939
680,Maribelle,Libreros,Female,19XFA1E62BE841239,true,4446568124
681,Lewes,Brittles,Male,3GYVKNEF3AG257347,true,7372073669
682,Mary,Chettoe,Female,2C3CCAKG4FH419899,true,5213929435
683,Krishna,Glander,Male,5N1CR2MM7EC566265,true,9219191776
684,Julie,Basketfield,Female,3C6JD6BP0CG769739,true,4154831062
685,Katina,Bass,Female,3VW467AT0DM954488,true,5320439725
686,Erminie,St. Clair,Non-binary,5NMSG3AB0AH974388,false,7041023028
687,Anny,Ortiga,Female,WBA3N7C5XEF073599,true,9706085351
688,Marlo,Summerton,Female,WBAWB3C58AP510907,false,1024046788
689,Kean,Antliff,Bigender,JN1AZ4EH4FM805181,true,3252314282
690,Hedda,Jaqueminet,Female,4USBT33464L284264,false,8663947348
691,Garrick,Dobney,Male,WP0AA2A88BU447754,false,4696301648
692,Barbe,Brager,Female,JM1DE1HY2B0244710,true,9520418628
693,Maiga,Cattermole,Female,JA32X2HU5BU720668,false,6873613169
694,Vanya,Nowakowska,Male,WDDHF5GB5AA921749,false,1193127564
695,Donnie,Deek,Male,19XFA1E8XAE862551,true,9942166807
696,Fayina,Moisey,Female,5LMJJ3H58DE143895,true,9057241161
697,Kittie,Toffler,Female,WAUNF98PX6A385335,true,8501107700
698,Derby,Bryning,Male,1J4RR4GGXBC354580,true,1577306708
699,Trixi,Sander,Female,KNAFU5A21B5025116,false,3336583489
700,Sibley,Lownsbrough,Female,1G6DS5E31C0781730,true,1941351247
701,Faber,Kennerknecht,Male,1G6DW67V990203733,false,3030550060
702,Natalya,Belchem,Female,JN8AZ1MU1CW533140,true,0776153625
703,Esdras,Woodwing,Male,1N6AA0EC5FN879699,false,7817080720
704,Cloris,Benedettini,Bigender,WUADU78E38N393590,false,0576242802
705,Andeee,Heersema,Female,1G6YX36D185707359,false,4881964224
706,Kaitlyn,Flott,Female,1GYS4SKJ4FR066855,false,8900238078
707,Meredithe,Hollyland,Agender,WAUHF98P99A158946,true,9241015594
708,Bonni,Strooband,Female,19VDE3F3XDE825913,true,9578987668
709,Angie,Ruddick,Male,WAULF78K59N639028,true,8844130807
710,Anitra,Baildon,Female,19UUA65626A197675,true,3576280472
711,Briney,Maggs,Polygender,JM3TB2BVXE0248685,false,5158639310
712,Tabbitha,Gaythwaite,Female,WAUVT68E42A537951,false,4274639592
713,Jephthah,Bebbington,Male,WBABS53471E016583,false,2965452028
714,Ches,Plaide,Male,WBSVA93528E811496,false,3266516877
715,Ferne,Bentson,Female,2HKRM3H57DH503238,false,4625594545
716,Joyce,Benazet,Female,JH4KC1F98EC749192,true,1090650442
717,Corri,Sprasen,Female,WDDGF4HB9DA626226,false,5906292705
718,Diarmid,Balsellie,Male,WAUKH74F46N384334,false,1729725392
719,Rica,Daouze,Female,1G6KD57946U485309,false,3620804958
720,Ralina,Camerello,Female,2C3CCAJG3DH857960,false,4029238963
721,Rock,Nurden,Male,1G6DJ577780198220,true,2473613419
722,Laurella,Whittock,Female,1FTEX1CM8BK733133,true,6111059629
723,Isobel,Izard,Female,WBA3N9C51EK974315,false,7670455454
724,Olympie,Ganter,Female,WBAPM5C53BA926197,false,3860197215
725,Missy,Julian,Female,3GYT4NEF7BG337236,true,5025951941
726,Godard,Crosfeld,Male,2C4RDGBG6DR966704,false,8366920569
727,Ches,Espino,Male,JTHFE2C20B2695767,false,7910841957
728,Milty,Tamplin,Male,5UXFB53555L189399,true,9243219391
729,Florance,McQueen,Female,1G4GF5E36DF848928,true,6413604050
730,Sherie,Kleinplatz,Female,19XFA1F28AE425674,false,6986374143
731,Nye,Tregenza,Male,1G6KY54962U747821,true,6089778524
732,Patrice,Cresar,Female,1G4GC5GG1AF869142,false,2907501615
733,Konstantine,Bourbon,Male,1D7CE2BK1AS861286,true,4433581240
734,Tandie,Jelkes,Female,5GAKVCKD0DJ082132,true,1812655479
735,Judon,Openshaw,Male,1FTWW3B58AE448961,true,3717921622
736,Kurt,Cohn,Male,JH4KC1F32EC066870,true,4902373122
737,Florette,Muccino,Female,KNAFK4A67F5588275,true,9014794495
738,Eolanda,Tankard,Agender,WBAEN33474P588576,true,4812947774
739,Rachel,Minigo,Female,3D7TT2CT4AG266839,false,2184365785
740,Lindsay,Talks,Male,4JGDF2EE9EA651480,true,1140491229
741,Rafaelita,Simkin,Female,WAUEV74F38N164109,true,4552006746
742,Hadlee,Allnatt,Male,1G6YV36A475092722,false,4368991583
743,Micaela,Esposita,Female,WVGAV3AX4DW819272,false,2270907582
744,Johanna,Jessett,Female,JN8AS5MT0DW911579,false,4628185980
745,Kristos,Arndtsen,Male,3FA6P0LUXDR509447,false,9038686862
746,Kristo,Heinert,Male,3VWJP7AT6CM394927,false,6194179414
747,Arda,Arrol,Female,YV426MDB4F2622928,true,2838208470
748,Cristy,ducarme,Female,WAULD64B62N290487,true,9969252100
749,Haskell,St. Quentin,Male,1FTFW1E83AK757913,true,1790121760
750,Daven,Blasli,Male,1FTSW2A58AE624143,true,8135983468
751,Cam,McVee,Male,1YVHZ8BH4A5718479,false,2984707885
752,Melonie,Regler,Female,1HGCR2E75DA489811,false,0641772882
753,Sianna,Sclater,Female,JH4CU2F68CC151971,true,0402470877
754,Celie,Bilovsky,Female,WAUDH98E57A379397,false,6739980292
755,Basil,Aizlewood,Male,5N1AR1NB6CC908980,false,4065986850
756,Lily,Nelm,Female,1HGCP2E81AA246331,false,9511468448
757,Nana,Bayston,Female,WAUAH68D31A236982,false,7571525152
758,Drusi,McCarron,Female,KL4CJCSB6EB705143,false,3370511487
759,Anita,Ead,Female,1FMNE1BW7AD823848,false,7124726522
760,Crichton,Brosio,Male,1D7RB1CT6BS241202,true,2565882734
761,Pooh,Glawsop,Male,WAUJT64B73N164909,true,1552212300
762,Chev,Portman,Male,19UUA8F58DA869964,true,7804491786
763,Farr,Pymer,Male,3VWPG3AG1AM551461,true,9701866568
764,Gauthier,Camplen,Male,JM1NC2EF2A0903824,true,8440687036
765,Hank,Wardington,Male,5TFAW5F11FX519767,true,8234245627
766,Bettina,Ciciotti,Female,2C3CA7CW8AH088624,false,0363277803
767,Bondon,Sherewood,Male,3D73Y4HL8AG771093,false,2915078629
768,Boris,Ocheltree,Male,WVGAV3AX4EW709162,true,8315867849
769,Adeline,Deluce,Female,1N6AA0CC7FN749846,true,5262753736
770,Maurizia,Potteridge,Female,5FRYD4H68GB971121,false,0090849159
771,Terry,Gordon,Genderqueer,1G6YX36D465689162,false,5736227061
772,Steffane,Mesias,Female,YV140MAK4F1936631,false,4517447138
773,Vidovic,Braunstein,Male,WAUSG94FX9N070691,true,9550673197
774,Beltran,Eivers,Male,WAUJT64B83N532434,false,8251531284
775,Elias,Senett,Male,3VW4A7AT2DM071636,false,8141949527
776,Happy,Benit,Female,WAULFAFH1AN810950,false,9703602495
777,Odilia,Kloster,Genderqueer,WBASN4C55CC262704,false,7895701649
778,Rubi,Sheraton,Female,2C3CA4CG0BH172588,true,4338779829
779,Averill,Kingshott,Male,1G6DW6ED6B0528193,true,3488115151
780,Gillie,Larose,Female,WAUDFAFC8FN593039,false,2494611318
781,Roseline,Rogerson,Female,WBA3G7C58EF988901,false,2876927349
782,Crosby,Ace,Male,2B3CA2CV6AH783563,true,2385156164
783,Magdalena,Royan,Female,JM1NC2SF5F0195662,true,9945047647
784,Morie,Scolding,Male,5N1AR2MM0FC799929,false,0327026405
785,Lettie,Albrecht,Female,1G4HR54K31U507109,false,3301749518
786,Enos,Boddy,Male,JN8AF5MR4FT393277,false,5869711290
787,Ly,Andren,Male,1G4HR54KX24184551,true,9321510729
788,Brietta,Rossey,Female,JN8AZ2NCXC9168161,false,9344562172
789,Alvin,Beedon,Male,1N6AA0CH5FN979946,false,7072441093
790,Megan,Nicolls,Female,WAUMR44E46N434483,false,3461480452
791,Dick,Curnow,Male,19UUA9F24CA456739,true,1103872079
792,Sollie,Shelbourne,Male,WVWAN7AN3DE620018,false,4492895523
793,Emmy,Miell,Female,WAUVC68E75A306403,false,2299238735
794,Gerda,Durward,Female,WAULC58E45A483038,false,6070109732
795,Pauly,Dresche,Male,1FT7W2A63EE541109,false,4065764343
796,Dolores,Sehorsch,Female,1G4GL5E31CF550441,true,6857378231
797,Tamiko,Bosnell,Female,2FMGK5D83FB130148,true,6708278014
798,Giacobo,Douris,Male,YV140MAB5F1995364,true,6711338731
799,Michell,Spurdens,Female,WAUMGAFL2AA797168,false,1426272898
800,Dee dee,Pyford,Female,WBAAV33401E160192,true,5386464418
801,Iorgo,Louthe,Male,JH4CL95857C153147,false,8215052975
802,Bettine,Quinevan,Female,3GYVKNEF4AG699408,false,0582085977
803,Fancie,Sackes,Female,3N1AB7AP0FY353990,true,6416996847
804,Carma,Alleyne,Female,JTHBL1EF0A5090241,true,6258396720
805,Billye,Iskowitz,Female,1G4PT5SV5D4791471,false,7282300062
806,Ronny,Mogford,Female,WBADS43422G554570,true,3621112693
807,Gottfried,Lantaff,Male,WP0CB2A87CS815389,true,8456464422
808,Rodolph,Bestwall,Male,WBAPM5C58BE631721,true,5209735834
809,Rebekah,Paish,Female,1GYS3NKJXFR988910,true,7639269148
810,Mic,Zanetello,Male,WDDHF8JB3DA108943,false,7336051626
811,Kaleena,McMeanma,Genderqueer,1G6AH5SX6E0908578,true,2299900438
812,Ros,Vynoll,Bigender,WBAUT9C52CA984591,false,7605284128
813,Leah,Butting,Polygender,JH4CL95855C499874,true,2948162505
814,Sayre,Panichelli,Female,KMHEC4A46BA949969,true,5903303579
815,Albina,Millen,Female,1GD311CG4FZ321449,true,5725905446
816,Kendell,Mahaddy,Male,5N1AR1NBXAC131474,false,6901772793
817,Carilyn,Bangiard,Female,5GADV33L46D667473,false,1319138985
818,Alec,Frankcombe,Male,TRUUT28N011054386,false,9931493003
819,Damien,Checcuzzi,Male,3VW4A7AT7DM289197,false,0883986701
820,Corie,Koles,Female,WBAXG5C56CC230480,false,8889606444
821,Rey,Kittiman,Male,SAJWA0E7XD8871526,false,9140106632
822,Analiese,Cadman,Female,2C3CA7CW9AH622147,true,1149741597
823,Chris,Achrameev,Female,1C4RDHAG4DC595879,true,9197523038
824,Salomi,Bynert,Female,2G4WE587581563163,false,5517172768
825,Worth,Ovey,Male,WAUAF78E18A752546,false,5633715039
826,Devonne,Grabb,Female,WA1EV74LX7D782485,true,1001256158
827,Elora,Kopecka,Female,1G4GC5GG9AF734605,false,3272133216
828,Skipton,Scrimshire,Male,SCBFT7ZA0FC239337,false,5251265190
829,Hillary,Purshouse,Female,3D7LP2ET6AG540060,false,3747758010
830,Elmer,By,Polygender,WAUDFBFL9AN646880,true,6954580864
831,Dorice,Welberry,Female,1N6AF0KY7EN311695,true,7705381702
832,Noelani,Curtayne,Female,1C4RDJDG1DC620160,true,8903634160
833,Bettye,Colbertson,Female,JM1CW2BL0D0812614,false,2277025305
834,Sheffy,Barcke,Male,JTDZN3EU6D3661865,false,2363493532
835,Kinsley,Middiff,Male,1FTMF1C88AK162162,false,0589931601
836,Dani,Frunks,Female,JM3TB2BA3F0059813,false,0969530145
837,Allistir,Parlatt,Male,1FBNE3BL3AD004541,false,6995517598
838,Cleavland,Newis,Genderfluid,JTEBU5JR6C5172236,true,9733467804
839,Blake,Mebs,Female,WP0AB2A98FS036278,true,2892636671
840,Zebedee,Glavin,Male,WAUGFAFR8BA378327,false,9753981201
841,Tabby,Seven,Male,WBAKB4C51BC317477,false,0779533151
842,Chlo,McSaul,Female,JN1AZ4EH2AM360691,true,2040839461
843,Fraze,Stock,Genderqueer,WAUSF98K59N067787,false,1850823766
844,Marji,Heakey,Female,WAU4GBFB2BN744543,false,6176273692
845,Robinet,Grube,Male,3N1BC1AP9AL378276,true,1412566290
846,Mela,Espinosa,Female,WA1LGBFE2CD507867,false,6097224419
847,Dimitry,Bennen,Male,1FTEW1C87FF369114,false,2137202328
848,Charlie,Twinterman,Male,SCFAD01A35G803093,false,8624714656
849,Ninon,Fewtrell,Female,1HGCR2F37DA319428,true,3196788032
850,Mischa,Sebrook,Male,4F2CY0C72BK094226,true,1833062639
851,Isidoro,Gerrell,Male,SAJWA1EK3EM856837,true,8831427288
852,Jorrie,Le - Count,Female,3C3CFFHH5ET727951,true,1657545415
853,Jennifer,Sandcroft,Female,1HGCP2E75BA768260,false,2841911063
854,Kiley,Nozzolinii,Male,5J8TB1H5XCA042415,false,1695237307
855,Keely,Tillyer,Female,1GTN1TEX6BZ103870,true,5098320968
856,Eldridge,Wearing,Male,WAUHFAFL3EA398103,true,2632826489
857,Homerus,Pagan,Male,JN8AZ1MU5DW124043,false,8901956772
858,Becca,Drever,Female,WBAAZ33434K372921,true,7464996178
859,Xymenes,Robard,Male,SALFR2BG1EH961889,false,7648906406
860,Theo,Mellodey,Male,WAU2GAFC2CN666969,true,5749381862
861,Sancho,Sawdy,Male,WAUSF98E78A785602,false,1077788150
862,Dierdre,Benam,Female,WAUXL58E35A998291,false,0234854979
863,Briggs,Freund,Male,WAUBH74F66N119804,true,1504096053
864,Toby,Verlinde,Male,KMHGH4JH9FU037855,false,1372176020
865,Cloe,Duxbury,Female,WAUAFAFL6FN028534,false,9397430130
866,Issie,Janoch,Female,1C4RDJAG1CC592203,true,7325123221
867,Berky,Stiller,Male,JH4CL96804C726112,true,7929921875
868,Wernher,Croce,Male,KMHHT6KJ7FU950470,false,3073885064
869,Elizabeth,Juliff,Female,WBSKG9C50BE567744,false,3120110280
870,Ahmad,Gulliford,Male,2G61R5S31D9439270,false,7915110837
871,Oby,Muncey,Male,1FTMF1EWXAK467464,false,5620151824
872,Hewe,Enticott,Genderfluid,5UXFE43588L717099,true,5221268280
873,Lion,Poulsum,Male,3C6TD5NT0CG922812,false,9067796883
874,Kipp,Cockayme,Non-binary,3VW4A7AT1DM636720,true,0118789465
875,Codi,Pincott,Male,WAUKD78P29A579102,false,0640311822
876,Noel,Bentke,Genderqueer,WAUWKAFR3AA617966,true,3714430369
877,Nowell,Nelthorpe,Non-binary,WAUVC58E75A248402,true,7877067240
878,Adlai,Villiers,Male,5FRYD4H49GB319798,true,8157215331
879,Ebenezer,Creber,Genderfluid,JTHFE2C2XF2794943,true,1078633975
880,Viole,Leale,Female,3D73M3CL7BG047359,false,9021753391
881,Hurlee,Curro,Male,5UXFA93565L147091,false,1252014562
882,Charlie,Fritchly,Male,1D7CW7GP7AS629127,true,0138249385
883,Grace,Sheriff,Male,WDDGF4HB4ER672601,true,8079675287
884,Everard,Sandys,Male,WAURD68D52A383644,true,7442327702
885,Riva,Mytton,Female,1FMCU0D71AK863770,true,0904426475
886,Yolane,Rooson,Female,3N1CN7AP8FL343494,true,5674190429
887,Keeley,Allston,Female,1D7RW3BK8BS876415,true,0083041397
888,Lanita,Standrin,Female,2C3CCAGG7EH893949,true,2448493162
889,Marietta,Martinho,Female,WBA3A9C59EF267256,false,0829968091
890,Wittie,Verdun,Male,3D73Y4EL2AG594951,false,7931246659
891,Locke,Francisco,Male,WAUBF98E67A152247,false,1524547158
892,Agnella,Pardi,Female,KNAFU6A29A5022825,false,6615412209
893,Neille,Yurivtsev,Female,YV4952CY7E1826753,false,2936638763
894,Julianne,Rosenwald,Female,2B3CA8CT0AH080753,false,8643019283
895,Bambi,Torra,Female,JTHBE5C29A2784350,true,0479418160
896,Millisent,O' Driscoll,Female,3GYFNJE69BS980297,false,0724543074
897,Lonny,Jirus,Male,5TDDK3DC1FS008194,false,5914880696
898,Salome,Tschursch,Female,1GYEC63T54R572067,true,1909932825
899,Jasen,Signorelli,Male,1N6AF0KY1EN817779,true,1051403472
900,Stavro,Hattam,Male,5TFBY5F17CX287363,false,2308685298
901,Carri,Mettetal,Female,3D73M3CL0AG867359,false,6195224472
902,Storm,Woodison,Female,WVGEF9BP6FD755024,false,5905074119
903,Dotty,Mankor,Female,3GYEK62NX4G760542,false,0939225557
904,Obidiah,Huckell,Male,JN8AZ2NC0F9546377,true,5051439101
905,Ronald,Sambath,Male,JN8AZ2NC1E9418955,true,7225489917
906,Linnie,Ronald,Female,2G4GS5EK2C9287282,false,1704724023
907,Lemmie,Audiss,Male,WP0AB2A85FK424138,true,8203745156
908,Guss,McDermott,Male,1N4AA5AP7CC694558,true,6749380999
909,Megen,Aldred,Female,JM3TB2BAXB0132301,false,4085395750
910,Kerby,Leipnik,Male,YV126MEB7F1573547,true,1125077484
911,Rance,Colnett,Male,2C3CDYBT0EH710157,true,8757149356
912,Barry,Macewan,Female,1G6DJ577480836357,true,8952626923
913,Veronica,Payze,Female,5UXFE835X7L701878,false,1272505030
914,Nissa,Lettley,Female,WP0CA2A82FS388887,true,8909604514
915,Odell,Legier,Male,3VW1K7AJ5FM432570,false,2515136516
916,Neale,Cowdrey,Male,TRUUT28N421263311,true,1971825425
917,Bernadene,Cheevers,Female,WAUWFAFL4CA326931,true,2151926389
918,Lev,Cavanaugh,Male,3GYFK66NX5G917230,true,1181449545
919,Wenda,Pygott,Agender,4A4AP3AU6FE934297,true,3217022017
920,Gusti,Meir,Genderqueer,JH4NA21653T174259,true,6658301336
921,Orland,Gillicuddy,Male,1GYS4KEF7ER015243,false,2871364575
922,Javier,Kaplin,Male,2G4GT5GV2D9688269,false,5394513422
923,Cort,Ferrillo,Male,1FA6P8AM9F5927845,false,0355786028
924,Hillary,Degoy,Female,WA1C8BFP2FA030734,false,3441619706
925,Matias,Sorro,Male,3N1CE2CP9EL514333,true,2355071942
926,Melessa,Hedges,Female,JH4CU2F89DC893833,true,2310343439
927,Carlin,Feldheim,Genderqueer,KNAFU6A29C5779078,true,5392556973
928,Rafa,Streather,Female,1G6AY5S31F0757180,false,7984343780
929,Zed,Blasi,Male,1G6AL5S39D0914465,false,6484209367
930,Edee,Talby,Female,3D73Y3CL5AG133756,false,6668397557
931,Nathalie,Ghilardini,Female,WAUR2AFD1DN977171,true,1128195704
932,Hastie,Scriviner,Male,WP0CA2A81DS409001,true,4836263832
933,Nap,Incogna,Male,4T1BF1FK2CU740213,false,6472461171
934,Jacinta,Noraway,Female,1FTMF1CW0AF842516,false,3100581296
935,Bobette,Le Grove,Female,WVGDF9BP4ED767005,true,3029984982
936,Adelheid,Hewell,Female,1FTEX1CM3CF581773,true,5321899460
937,Maye,Bartolommeo,Female,3C4PDDBG2DT308171,true,3724892489
938,Ivonne,Cubley,Female,4JGDA2EBXCA826644,false,6249753907
939,Ethan,Chretien,Male,JM3TB2MA0A0693988,true,2362378055
940,Melita,Legges,Female,1N4AB7AP9DN866247,true,7163335482
941,Doloritas,Newvell,Genderqueer,5GALVAED9AJ842607,true,3553370882
942,Fitz,Gimblet,Male,WBAUN93598V568869,true,0578672928
943,Griff,Boucher,Male,19XFA1F3XAE526112,true,4222673420
944,Tonnie,Lourenco,Male,3D73M4HL6AG881250,false,5255796670
945,Ian,Parton,Male,KNAFU6A28C5607253,true,9818105974
946,Agretha,McGahern,Female,WAUUL78EX7A111075,true,7961691782
947,Meghann,Thorald,Female,WDDGF4HB1DA470831,false,1498091474
948,Kelila,Klewer,Female,2G4WS52J541459179,true,8702807432
949,Jerrie,Seeviour,Male,JN1AZ4EH6FM689451,false,5992809600
950,Nikki,Ronca,Male,KMHEC4A49BA574515,true,9488889586
951,Kiel,Ablott,Male,3D7TT2CT8BG867866,false,3377533672
952,Danella,Croneen,Female,WVGAV3AX2DW500548,true,1835702902
953,Stirling,McGinny,Male,JTDKN3DP1E3265714,false,8507981887
954,Clair,Moston,Non-binary,WAUGF98K79A338393,false,8710486917
955,Read,Stoeckle,Male,WBAUU33579A376469,false,1428228144
956,Armand,Itskovitz,Male,WAUGL98E97A050228,true,3818783365
957,Zorina,Frith,Genderfluid,KL4CJGSB7DB151343,true,0402051327
958,Ulrikaumeko,Goldfinch,Female,WBAAV33441E191963,false,9053255192
959,Cher,Reicherz,Female,WAUAF78EX5A180162,true,1681155877
960,Mateo,Bernet,Male,JN8AZ1FY8EW102006,true,4807753088
961,Ermanno,Boulden,Male,WAUGVAFR8AA276480,false,5068069272
962,Antoinette,Briereton,Female,1G6AB1R34F0043995,true,4894701499
963,Zsazsa,Ridding,Female,5LMCJ1A95FU149138,false,9459991092
964,Woodie,Agget,Male,SCFHDDAJ3BA138670,false,6379369597
965,Gaby,Affuso,Male,WUARL48H38K414182,false,8327251325
966,Natale,Scolding,Male,WBANW13589C668137,true,7809196421
967,Chan,Haston,Male,1C3BC2FB3BN177012,false,2730728023
968,Cornall,Tille,Genderfluid,SCBLE37G43C286573,false,7912198067
969,Kitty,Syddall,Female,KMHTC6AD5DU052825,false,2464349534
970,Chuck,Dimmick,Male,3VW467AT6CM821670,true,1168103517
971,Lydie,Lattimer,Female,3GTU2YEJ2DG234900,true,5615903112
972,Nelson,Goundrill,Male,1FTEW1CF6FK552459,false,3289554929
973,Giana,Kerfod,Female,19XFB4F23EE256541,true,5255633941
974,Alon,Thonger,Male,1FTSX2A51AE509087,false,9660978391
975,Towny,Ausher,Male,JN8AZ2KR7CT730268,false,5432813866
976,Beale,Kernock,Non-binary,WA1EV74L27D965864,false,6995239741
977,Bo,Rocco,Male,1G6AC5S37F0813752,true,3956071042
978,Trip,Geertsen,Male,3C3CFFAR2ET723441,false,0640810500
979,Somerset,Dutteridge,Male,2T2BK1BA6FC918201,false,5053547564
980,Paula,Abram,Female,1G6AE5S36F0665958,true,9926826857
981,Shelton,Meak,Male,WAUJGBFCXDN333566,true,6196034812
982,Ario,Lundbech,Male,JN1AZ4EH8EM184445,false,1037317033
983,Avrit,Broggelli,Female,JHMZF1C49BS283742,false,1122820585
984,Glenn,Dasent,Female,3D7TT2HTXBG466313,true,1109977468
985,Kay,Dickon,Female,1GD311CG1FF232004,true,7100997771
986,Gusty,Dilks,Female,WBA3C1C52DK491762,false,9320259402
987,Lindsay,Dumphries,Female,4A31K5DF2CE271687,true,3985291039
988,Bartram,Antonias,Male,1D7RB1CT1AS358202,false,8065910262
989,Andre,Grouen,Male,SCFAD01A05G632531,false,7210450467
990,Ab,Melesk,Male,ZFBCFABH7FZ528744,false,2880900824
991,Benedikt,Fomichyov,Male,1G6AP5SXXE0467010,true,8201512820
992,Ethelred,Elsbury,Male,WBAUC7C54AV288387,true,2201532761
993,Ermin,McCaskill,Male,1GYS3AEF7BR991189,true,6774366074
994,Nicola,Bonas,Male,WBAWL73559P594829,true,5920360720
995,Zebulon,Greber,Male,WAUHMAFC9EN184084,true,6309883488
996,Benton,Bockh,Male,WP0AB2A83CS717595,false,5402600945
997,Allison,Croizier,Female,WAULT58E33A936188,true,4251291263
998,Kenyon,Quarmby,Male,1FAHP2DWXAG770746,true,6095205174
999,Cynde,Petrussi,Female,WVWED7AJ2DW088482,true,5262039863
1000,Wallache,Belin,Male,WVWAB7AJ7CW850336,true,0211581259
